0	bookmarkStart	-	
1	bookmarkEnd	-	
2	-	IMG=2	
3	Heading1	HEAD1,IMG=8,NUMPR	TRƯỜNG CAO ĐẲNG FPT POLYTECHNIC
4	-	-	---🙠🕮🙢---
5	-	-	
6	-	-	
7	-	-	
8	-	-	
9	-	IMG=1	
10	-	-	
11	-	-	
12	-	-	
13	-	-	
14	-	-	
15	-	-	
16	-	-	
17	-	-	
18	-	-	
19	-	-	BÁO CÁO DỰ ÁN TỐT NGHIỆP
20	-	-	CHUYỀN NGÀNH: PHÁT TRIỂN PHẦN MỀM
21	-	-	ĐỀ TÀI: XÂY DỰNG ỨNG DỤNG HỌC TRỰC TUYẾN
22	-	-	
23	-	-	
24	-	-	
25	-	IMG=2	Giáo viên hướng dẫn:  Nguyễn Ngọc Anh
26	-	-	Lớp:                               SD20303
27	-	-	Nhóm dự án:                 Nhóm 1
28	-	-	Sinh viên thực hiện:     Phạm Gia Khanh       PD11662 (Nhóm trưởng)
29	-	-	Nguyễn Phi Thông    PD11675
30	-	-	Đoàn Tấn Hiếu          PD11725
31	-	-	Nguyễn Nhật Minh    PD11884
32	-	-	
33	-	-	
34	-	-	
35	-	-	
36	-	-	
37	-	-	
38	-	-	Đà Nẵng, tháng 08 năm 2026
39	-	-	
40	-	IMG=16	MỤC LỤC
41	sdt	-	
42	-	-	
43	-	-	
44	-	-	
45	-	-	
46	-	-	
47	-	-	
48	-	-	
49	-	-	
50	-	-	
51	-	-	
52	Heading1	HEAD1	
53	-	-	
54	-	-	
55	-	-	
56	-	-	
57	-	-	
58	-	-	
59	-	-	
60	-	-	
61	-	-	
62	-	-	
63	-	-	
64	-	-	
65	Heading1	HEAD1	LỜI CẢM ƠN
66	-	-	
67	-	-	
68	-	-	Trong quá trình thực hiện đồ án tốt nghiệp với đề tài “Xây dựng ứng dụng học trực tuyến”, nhóm chúng em đã nhận được sự quan tâm, hướng dẫn và hỗ trợ quý báu từ Nhà trường, quý thầy cô và các bạn bè.
69	-	-	Nhóm chúng em xin trân trọng cảm ơn Trường Cao đẳng FPT Polytechnic Đà Nẵng cùng quý thầy cô Bộ môn Công nghệ Thông tin đã trang bị nền tảng kiến thức, tạo điều kiện học tập và hỗ trợ nhóm trong suốt quá trình thực hiện đồ án. Đặc biệt, nhóm xin gửi lời cảm ơn chân thành đến giảng viên hướng dẫn Nguyễn Ngọc Anh đã tận tình định hướng, góp ý và đồng hành cùng nhóm để hoàn thiện đề tài.
70	-	-	Nhóm cũng xin cảm ơn các thành viên đã luôn chủ động phối hợp, chia sẻ trách nhiệm và nỗ lực hoàn thành công việc được giao. Mặc dù đã cố gắng hoàn thiện trong phạm vi thời gian và kiến thức cho phép, báo cáo khó tránh khỏi những thiếu sót. Nhóm rất mong nhận được những ý kiến đóng góp của quý thầy cô để tiếp tục hoàn thiện sản phẩm trong thời gian tới.
71	Heading1	HEAD1	
72	-	-	
73	Heading1	HEAD1	LỜI CAM ĐOAN
74	-	-	
75	-	-	
76	-	-	Nhóm chúng em cam đoan đồ án tốt nghiệp với đề tài “Xây dựng ứng dụng học trực tuyến” là kết quả nghiên cứu, phân tích, thiết kế và phát triển do các thành viên trong nhóm thực hiện dưới sự hướng dẫn của giảng viên. Các nội dung, số liệu và kết quả trình bày trong báo cáo là trung thực và chưa được sử dụng để bảo vệ cho bất kỳ công trình nào khác.
77	-	-	Những tài liệu, thông tin và kết quả nghiên cứu của các tác giả hoặc tổ chức khác được sử dụng trong báo cáo đều đã được trích dẫn hoặc ghi rõ nguồn theo quy định. Nhóm chúng em hoàn toàn chịu trách nhiệm về lời cam đoan này.
78	-	-	
79	Heading1	HEAD1	PHẦN I – GIỚI THIỆU ĐỀ TÀI
80	-	-	
81	-	-	
82	-	-	
83	Heading2	HEAD2	1. Đặt vấn đề
84	-	-	- Trong bối cảnh cuộc Cách mạng Công nghiệp 4.0 và quá trình chuyển đổi số diễn ra mạnh mẽ trên toàn cầu, công nghệ đã làm thay đổi căn bản cách con người tiếp cận tri thức và kỹ năng. Giáo dục trực tuyến không còn là xu hướng mới mẻ mà đã trở thành một phần tất yếu trong hệ sinh thái học tập hiện đại, đặc biệt sau tác động sâu rộng của đại dịch COVID-19.
85	-	-	- Theo báo cáo của Grand View Research, thị trường e-learning toàn cầu dự kiến đạt 602,7 tỷ USD vào năm 2030, với tốc độ tăng trưởng kép hàng năm (CAGR) đạt 14%. Tại Việt Nam, đây cũng là một trong những thị trường e-learning tiềm năng nhất khu vực Đông Nam Á, với tốc độ tăng trưởng trên 20%/năm nhờ cơ cấu dân số trẻ và nhu cầu nâng cao kỹ năng ngày càng lớn.
86	-	-	- Trước cơ hội đó, Công ty Cổ phần Giáo dục LearnOva – một đơn vị có kinh nghiệm trong lĩnh vực đào tạo kỹ năng nghề nghiệp – hiện đang vận hành mô hình đào tạo trực tiếp tại các trung tâm. Tuy nhiên, mô hình này bộc lộ nhiều hạn chế trong việc mở rộng quy mô:
87	-	NUMPR	Phạm vi tiếp cận bị giới hạn về địa lý, bỏ lỡ lượng lớn người học tiềm năng ngoài khu vực;
88	-	NUMPR	Chi phí vận hành cơ sở vật chất cao, tạo áp lực chi phí cố định và hạn chế khả năng tái đầu tư;
89	-	NUMPR	Thiếu công cụ hỗ trợ học viên ngoài giờ học, dẫn đến tỷ lệ ghi nhớ kiến thức thấp và tỷ lệ bỏ học cao;
90	-	NUMPR	Khó theo dõi tiến độ học tập cá nhân hóa trong các lớp học trực tiếp đông người;
91	-	NUMPR	Giảng viên thiếu kênh tương tác chính thức sau giờ lên lớp, việc kết nối phụ thuộc vào các kênh không chính thức, thiếu tính hệ thống.
92	-	-	- Nhận thức rõ những hạn chế trên, ban lãnh đạo Công ty LearnOva đã quyết định mở rộng mô hình kinh doanh sang nền tảng học trực tuyến (e-learning platform), nhằm tận dụng xu hướng chuyển đổi số, gia tăng doanh thu từ kênh online và mở rộng tệp học viên ra phạm vi toàn quốc.
93	-	-	- Để thực hiện mục tiêu trên, việc xây dựng một nền tảng đào tạo trực tuyến không chỉ dừng lại ở việc đưa các bài giảng trực tiếp lên môi trường Internet mà cần hình thành một hệ thống có khả năng quản lý toàn bộ quy trình đào tạo. Nền tảng cần hỗ trợ từ khâu xây dựng và quản lý khóa học, cung cấp nội dung học tập, đăng ký khóa học, thanh toán, tổ chức kiểm tra cho đến việc theo dõi tiến độ và đánh giá kết quả học tập của học viên. Đồng thời, hệ thống cũng cần đảm bảo sự thuận tiện cho giảng viên trong quá trình xây dựng nội dung và cho đội ngũ quản trị trong việc quản lý, vận hành nền tảng.
94	-	-	- Từ yêu cầu thực tế đó, nhóm lựa chọn xây dựng nền tảng đào tạo trực tuyến LearnOva với định hướng tạo ra một môi trường học tập tập trung, giúp kết nối giữa học viên, giảng viên và đơn vị đào tạo trên cùng một hệ thống. Thay vì phải sử dụng nhiều công cụ riêng biệt để xem bài giảng, nhận tài liệu, thực hiện bài kiểm tra hoặc trao đổi thông tin, người học có thể thực hiện các hoạt động học tập chính trực tiếp trên nền tảng LearnOva.
95	-	-	- Việc xây dựng LearnOva cũng là cơ hội để nhóm vận dụng các kiến thức về phân tích thiết kế hệ thống, phát triển ứng dụng web, cơ sở dữ liệu, bảo mật, điện toán đám mây và triển khai hệ thống vào một sản phẩm có tính thực tiễn. Qua đó, đề tài vừa đáp ứng nhu cầu chuyển đổi mô hình đào tạo của Công ty LearnOva, vừa tạo nền tảng để hệ thống có thể tiếp tục phát triển và mở rộng trong tương lai.
96	Heading2	HEAD2	2. Mô tả dự án
97	Heading2	HEAD2	2.1. Tổng quan dự án
98	-	-	- Đề tài hướng tới xây dựng nền tảng học trực tuyến mang tên LearnOva – một hệ thống web application cho phép:
99	-	NUMPR	Người học đăng ký tài khoản, duyệt danh mục khóa học, thanh toán và học trực tuyến;
100	-	NUMPR	Giảng viên (teacher) tạo và quản lý khóa học, bài giảng dạng video, tài liệu đính kèm;
101	-	NUMPR	ChatBot AI tích hợp để trả lời câu hỏi
102	-	NUMPR	Admin quản trị toàn bộ nền tảng: người dùng, khóa học, thanh toán, khuyến mãi, báo cáo thống kê;
103	-	NUMPR	Hệ thống thông báo, đánh giá & nhận xét khóa học, quản lý chứng chỉ hoàn thành.
104	Heading3	HEAD3	2.2.  Phạm vi đề tài
105	-	-	- Hệ thống được phát triển dưới dạng web application với kiến trúc client-server, sử dụng RESTful API. Phạm vi đề tài bao gồm thiết kế cơ sở dữ liệu, phân tích yêu cầu, thiết kế use case và lập kế hoạch triển khai từ 12/05/2026 đến 15/08/2026.
106	Heading3	HEAD3	2.3. Công nghệ sử dụng:
107	-	-	- Ngôn ngữ lập trình:
108	-	NUMPR	Java 25: Ngôn ngữ lập trình chính được sử dụng để phát triển hệ thống backend.
109	-	-	
110	-	-	
111	-	-	- Backend:
112	-	NUMPR	Spring Boot 4.0.6: Framework phát triển backend, hỗ trợ xây dựng hệ thống nhanh chóng, dễ mở rộng và bảo trì. Sử dụng Spring Security, Spring Data JPA, Spring Mail, Spring OAuth2 Client.
113	-	NUMPR	Spring Data JPA / Hibernate: Hỗ trợ thao tác cơ sở dữ liệu theo mô hình ORM. Flyway quản lý migration schema (validate-on-migrate, clean-disabled).
114	-	-	- Frontend:
115	-	NUMPR	ReactJS (Vite): Thư viện JavaScript dùng để xây dựng giao diện người dùng theo hướng component-based (Feature-based structure + Hexagonal-like layers), giúp tăng khả năng tái sử dụng và tối ưu trải nghiệm người dùng.
116	-	NUMPR	Vite: Công cụ build frontend giúp tăng tốc độ khởi động và biên dịch dự án ReactJS.
117	-	NUMPR	Axios: Thư viện hỗ trợ gửi HTTP Request giữa frontend và backend.
118	-	NUMPR	Cơ sở dữ liệu
119	-	NUMPR	PostgreSQL 17: Hệ quản trị cơ sở dữ liệu quan hệ mã nguồn mở được sử dụng để lưu trữ và quản lý dữ liệu của hệ thống.
120	-	-	- Công cụ hỗ trợ:
121	-	NUMPR	Git & GitHub: Quản lý mã nguồn và hỗ trợ làm việc nhóm. Docker & Docker Compose: Container hóa toàn bộ stack (backend, frontend, PostgreSQL, Elasticsearch, ai-service) cho môi trường local và production (AWS EC2).
122	-	NUMPR	Postman: Kiểm thử API trong quá trình phát triển backend. AWS S3, CloudFront, MediaConvert, EC2: Hạ tầng đám mây cho video, CDN và triển khai production. PayOS: Cổng thanh toán tích hợp sẵn. Elasticsearch 9: Full-text search cho khóa học.
123	-	NUMPR	IntelliJ IDEA / Visual Studio Code: Môi trường phát triển tích hợp dùng để lập trình hệ thống.
124	-	-	
125	-	-	
126	-	-	
127	-	-	
128	-	-	
129	-	-	
130	-	-	
131	-	-	
132	-	-	
133	Heading1	HEAD1	PHẦN II – PHÂN TÍCH YÊU CẦU
134	-	-	
135	-	-	
136	-	-	
137	Heading2	HEAD2	1. Tổng quan thị trường e-learning
138	-	-	-  Hiện nay trên thị trường có nhiều nền tảng e-learning lớn, mỗi nền tảng có thế mạnh và mô hình kinh doanh riêng biệt:
139	TABLE	TBL	Nền tảng | Mô hình | Tính năng nổi bật | Hạn chế | Thị trường | Udemy
140	Heading2	HEAD2	
141	-	-	- Qua khảo sát có thể thấy các nền tảng hiện có đã giải quyết khá tốt nhu cầu tiếp cận nội dung học trực tuyến. Tuy nhiên, mỗi mô hình đều tồn tại những hạn chế nhất định. Với marketplace, số lượng khóa học lớn giúp người học có nhiều lựa chọn nhưng đồng thời cũng làm phát sinh vấn đề về chất lượng và tính đồng nhất của nội dung. Người học có thể gặp khó khăn trong việc xác định khóa học nào thực sự phù hợp với trình độ và mục tiêu của bản thân.
142	-	-	- Đối với mô hình subscription, người học có thể tiếp cận được nhiều nội dung với một khoản chi phí cố định nhưng lại phụ thuộc vào chính sách của từng nền tảng. Bên cạnh đó, cách tổ chức nội dung thường hướng đến số lượng lớn người dùng nên khả năng cá nhân hóa lộ trình học tập chưa phải lúc nào cũng đáp ứng được nhu cầu riêng của từng người.
143	-	-	- Từ góc độ giảng viên, mô hình marketplace tạo điều kiện để nhiều cá nhân tham gia xây dựng nội dung và tiếp cận người học. Tuy nhiên, khi số lượng khóa học tăng cao, việc cạnh tranh về giá, lượt đánh giá và khả năng hiển thị khóa học trở thành một yếu tố quan trọng. Điều này có thể khiến giảng viên phải tập trung nhiều vào khả năng thu hút người học thay vì chỉ tập trung vào chất lượng nội dung.
144	-	-	- Vì vậy, LearnOva được định hướng không đơn thuần là một hệ thống cung cấp khóa học trực tuyến mà hướng đến việc xây dựng một hệ thống học tập có khả năng kết hợp giữa quản lý nội dung, theo dõi tiến độ, đánh giá kết quả và hỗ trợ cá nhân hóa trải nghiệm học tập. Đây là cơ sở để xác định các nhóm chức năng chính của hệ thống ở các phần tiếp theo.
145	-	-	
146	Heading2	HEAD2	
147	Heading2	HEAD2	2. Phân tích tính năng chi tiết
148	Heading3	HEAD3	2.1. Udemy
149	-	-	- Udemy là nền tảng marketplace lớn nhất thế giới với khoảng 270.000–290.000 khóa học và hơn 80–84 triệu học viên. Điểm mạnh nổi bật là mô hình mua lẻ linh hoạt (lifetime access), hệ thống đánh giá và review minh bạch, cùng khả năng tiếp cận nội dung thực tế từ hàng chục nghìn giảng viên.
150	-	-	- Hiện tại Udemy đã tích hợp nhiều tính năng AI (AI Assistant hỗ trợ giải thích khái niệm, Role Play luyện hội thoại, Create with AI hỗ trợ giảng viên tạo nội dung). Tuy nhiên, tương tác trực tiếp giữa học viên và giảng viên vẫn hạn chế (chủ yếu qua Q&A trong khóa học), và chất lượng khóa học không đồng đều do mô hình mở.
151	Heading3	HEAD3	2.2. Coursera
152	-	-	- Coursera nổi bật với mô hình hợp tác sâu với hơn 350–400 trường đại học và tổ chức hàng đầu (Stanford, Yale, Google, IBM, Meta…). Nền tảng kết hợp subscription (Coursera Plus khoảng 399 USD/năm hoặc 59 USD/tháng) với mua lẻ khóa học/specialization. Điểm mạnh là cấp chứng chỉ có giá trị cao và một số chương trình bằng cấp chính quy.
153	-	-	- Điểm yếu lớn tại Việt Nam là mức giá cao, khó tiếp cận đại trà, và phần lớn nội dung vẫn mang tính học thuật, ít linh hoạt về lịch học trực tiếp với giảng viên.
154	-	-	2.3. Kyna.vn
155	-	-	- Kyna là một trong những nền tảng e-learning nội địa lớn tại Việt Nam, tập trung mạnh vào nội dung tiếng Việt (kỹ năng mềm, lập trình, thiết kế…) và đặc biệt phát triển mạnh mảng tiếng Anh.
156	-	-	- Hiện tại Kyna English đã có AI Tutor khá mạnh (luyện phát âm, phản xạ giao tiếp 24/7, lộ trình cá nhân hóa) kết hợp với hình thức học 1 kèm 1 và lớp nhóm với giáo viên. Do đó, nhận định “thiếu tính năng AI hỗ trợ và không có hệ thống đặt lịch tư vấn với giảng viên” không còn chính xác. Điểm hạn chế chủ yếu hiện nay là chất lượng giáo viên chưa hoàn toàn đồng đều và chi phí dài hạn có thể cao nếu học theo lộ trình kéo dài.
157	Heading2	HEAD2	3. Đặc điểm khác biệt của LearnOva
158	-	-	- LearnOva tập trung vào 2 điểm khác biệt chính:
159	-	NUMPR	Tăng tỷ lệ chia sẻ doanh thu cho giảng viên
160	-	-	- Hiện nay, các nền tảng marketplace lớn như Udemy đang duy trì tỷ lệ chia sẻ doanh thu cho giảng viên ở mức tương đối thấp (khoảng 37% đối với hình thức bán lẻ và thấp hơn nữa đối với mô hình subscription). Điều này làm giảm động lực của đội ngũ giảng viên trong việc đầu tư vào chất lượng nội dung và quảng bá khóa học.
161	-	-	
162	-	-	
163	-	-	
164	-	-	- Do đó, nền tảng sẽ áp dụng chính sách chia sẻ doanh thu cao hơn, hướng tới mức 55–65% cho giảng viên (thậm chí cao hơn khi giảng viên tự mang traffic).
165	-	-	- Việc này giúp:
166	-	NUMPR	Thu hút và giữ chân giảng viên chất lượng cao.
167	-	NUMPR	Tăng động lực tạo nội dung tốt và cập nhật thường xuyên.
168	-	NUMPR	Xây dựng lợi thế cạnh tranh rõ ràng so với các nền tảng quốc tế
169	-	-	
170	-	NUMPR	Cá nhân hóa trải nghiệm học tập (định hướng phát triển)
171	-	-	- Bên cạnh chính sách chia sẻ doanh thu, nền tảng định hướng phát triển các tính năng cá nhân hóa nhằm khắc phục hạn chế lớn của hầu hết các nền tảng hiện nay là tỷ lệ hoàn thành khóa học thấp và thiếu sự đồng hành với người học.
172	-	-	- Cụ thể, trong giai đoạn tiếp theo, hệ thống sẽ từng bước triển khai:
173	-	NUMPR	Lộ trình học tập cá nhân hóa dựa trên mục tiêu, trình độ và thói quen của từng học viên.
174	-	NUMPR	Hệ thống theo dõi tiến độ và nhắc nhở thông minh (accountability).
175	-	NUMPR	Hỗ trợ AI Mentor giúp phân tích điểm mạnh – điểm yếu và đưa ra gợi ý học tập phù hợp.
176	-	-	- Việc kết hợp giữa chính sách đãi ngộ giảng viên tốt hơn và cá nhân hóa trải nghiệm người học được kỳ vọng sẽ tạo ra sự khác biệt bền vững, vừa thu hút nguồn cung nội dung chất lượng, vừa nâng cao hiệu quả và tỷ lệ hoàn thành của người học.
177	-	-	
178	Heading1	HEAD1	
179	Heading1	HEAD1	
180	Heading1	HEAD1	
181	Heading1	HEAD1	
182	Heading1	HEAD1	
183	Heading1	HEAD1	
184	Heading1	HEAD1	
185	Heading1	HEAD1	
186	-	-	
187	-	-	
188	-	-	
189	Heading1	HEAD1	
190	-	-	
191	Heading1	HEAD1	
192	Heading1	HEAD1	PHẦN III – THIẾT KẾ
193	-	-	
194	-	-	
195	-	-	
196	Heading2	HEAD2	1. Use Case theo vai trò
197	Heading3	HEAD3	1.1. Use Cases
198	-	IMG=1	
199	-	NUMPR	Hình 5.1: Usecase tổng quát
200	-	IMG=1	
201	-	-	
202	-	NUMPR	Hình 5.2: Usecase vai trò Guests
203	-	-	
204	-	NUMPR	Hình.5.3: Usecase vai trò Students
205	-	IMG=1,NUMPR	
206	-	NUMPR	Hình 5.4: Usecase vai trò Teachers
207	-	IMG=1,NUMPR	
208	-	-	
209	-	NUMPR	Hình 3.5.5: Usecase vai trò Admin
210	-	-	
211	-	-	
212	-	-	
213	Heading3	HEAD3	1.2. Danh sách Use Cases
214	-	-	
215	TABLE	TBL	Mã | Use Case | Guest | Student | Instructor | UC01
216	-	-	
217	Heading2	HEAD2	
218	Heading3	HEAD3	1.2. Mô tả Use Cases
219	-	-	1.2.1. UC01: Đăng ký tài khoản
220	-	-	Use case Description:
221	TABLE	TBL	Mục | Nội dung | Name | Đăng ký tài khoản | Code | UC01
222	-	-	
223	-	-	Activities:
224	TABLE	TBL	Actor | System | Nhập họ tên, email, mật khẩu và xác nhận mật khẩu | Kiểm tra dữ liệu đầu vào | Nhấn nút Đăng ký | Kiểm tra email đã tồn tại hay chưa
225	-	-	
226	-	-	Business rules:
227	TABLE	TBL	Rule No. | Rule | Description | BR01 | Email phải là duy nhất | Một email chỉ được đăng ký một tài khoản
228	-	-	
229	-	-	System messge:
230	TABLE	TBL	Code | Message | Description | MS01 | Email đã tồn tại trong hệ thống | Không thể tạo tài khoản trùng email
231	-	-	
232	-	-	
233	-	-	1.2.2. UC02: Đăng nhập/đăng xuất
234	-	-	
235	-	-	Use case Description:
236	TABLE	TBL	Mục | Nội dung | name | Đăng nhập/ đăng xuất | code | UC02
237	-	-	
238	-	-	Activities:
239	TABLE	TBL	Actor | System | Nhập email và mật khẩu | Kiểm tra thông tin đăng nhập | Nhấn nút Đăng nhập | Xác thực tài khoản
240	-	-	
241	-	-	Business rules:
242	TABLE	TBL	Rule No. | Rule | Description | BR01 | Chỉ tài khoản đã kích hoạt được đăng nhập | Email phải được xác thực
243	-	-	
244	-	-	System messge:
245	TABLE	TBL	Code | Message | Description | MS01 | Email hoặc mật khẩu không chính xác | Sai thông tin đăng nhập
246	-	-	
247	-	-	
248	-	-	
249	-	-	
250	-	-	
251	-	-	
252	-	-	1.2.3. UC03: Đăng ký/ mua khóa học
253	-	-	
254	-	-	Use case Description:
255	TABLE	TBL	Mục | Nội dung | name | Đăng ký/ mua khóa học | code | UC07
256	-	-	
257	-	-	Activities:
258	TABLE	TBL	Actor | System | Chọn khóa học muốn mua | Hiển thị thông tin khóa học | Thêm khóa học vào giỏ hàng | Cập nhật giỏ hàng
259	-	-	
260	-	-	
261	-	-	
262	-	-	
263	-	-	
264	-	-	Business rules:
265	TABLE	TBL	Rule No. | Rule | Description | BR01 | Chỉ học viên đã đăng nhập mới được mua khóa học | Yêu cầu xác thực
266	-	-	
267	-	-	System messge:
268	TABLE	TBL	Code | Message | Description | MS01 | Thanh toán thất bại | Giao dịch không thành công
269	-	-	
270	-	-	
271	-	-	1.2.4. UC04: Học bài học online
272	-	-	
273	-	-	Use case Description:
274	TABLE	TBL	Mục | Nội dung | name | Học bài học online | code | UC08
275	-	-	
276	-	-	Activities:
277	TABLE	TBL	Actor | System | Chọn khóa học đã đăng ký | Kiểm tra quyền truy cập | Mở bài học | Tải video và tài liệu
278	-	-	
279	-	-	Business rules:
280	TABLE	TBL	Rule No. | Rule | Description | BR01 | Chỉ học viên đã mua khóa học được học | Kiểm tra quyền truy cập
281	-	-	
282	-	-	System messge:
283	TABLE	TBL	Code | Message | Description | MS01 | Bạn chưa đăng ký khóa học này | Không có quyền truy cập
284	-	-	
285	-	-	1.2.5. UC05: Chatbot AI hỗ trợ học tập
286	-	-	
287	-	-	Use case Description:
288	TABLE	TBL	Mục | Nội dung | name | Chatbot AI hỗ trợ học tập | code | UC11
289	-	-	
290	-	-	Activities:
291	TABLE	TBL	Actor | System | Mở cửa sổ ChatBot | Khởi tạo phiên trò chuyện | Nhập câu hỏi | Gửi câu hỏi tới AI Service
292	-	-	
293	-	-	Business rules:
294	TABLE	TBL	Rule No. | Rule | Description | BR01 | Người dùng phải đăng nhập | Đảm bảo xác thực
295	-	-	
296	-	-	System messge:
297	TABLE	TBL	Code | Message | Description | MS01 | Không thể kết nối tới AI Service | Lỗi hệ thống
298	-	-	
299	-	-	
300	Heading2	HEAD2	
301	-	-	
302	Heading2	HEAD2	2. Thiết kế database
303	-	-	
304	-	-	2.1. Thiết kế ERD
305	-	IMG=1	
306	Heading3	HEAD3	2.2. Mô tả các thực thể chính
307	-	-	
308	Heading3	HEAD3	
309	TABLE	TBL	Mã | Thực thể | Mô tả | Thuộc tính chính | E01 | Người dùng (User)
310	Heading2	HEAD2	
311	Heading3	HEAD3	2.2. Class diagram
312	-	IMG=1	
313	-	-	Hình 2.1: Class diagram
314	Heading3	HEAD3	2.3. Senquence diagram
315	Heading3	HEAD3	2.3.1 Sơ đồ lớp đăng nhập (Login Service)
316	-	IMG=1	
317	-	-	Hình 2.2: Sơ đồ lớp đăng nhập
318	Heading3	HEAD3	
319	Heading3	HEAD3	2.3.2 Sơ đồ lớp quản lý khóa học
320	-	IMG=1	
321	-	-	Hình 2.3: Sơ đồ lớp quản lý khoá học
322	-	-	
323	Heading3	HEAD3	2.3.3 Sơ đồ lớp quản lý bài học
324	-	IMG=1	
325	-	-	Hình 2.4: Sơ đồ lớp quản lý bài học
326	Heading3	HEAD3	2.3.4 Sơ đồ lớp Thanh toán
327	-	IMG=1	
328	-	-	Hình 2.5: Sơ đồ lớp thanh toán
329	Heading2	HEAD2	
330	Heading2	HEAD2	3. Kiến trúc tổng thể
331	-	-	- Hệ thống LearnOva được thiết kế theo mô hình kiến trúc Hexagonal kết hợp Bounded Contexts, cung cấp RESTful API qua HTTPS:
332	-	NUMPR	Frontend Layer: ReactJS + Vite
333	-	NUMPR	Backend Services: Spring Boot 4.0.6 / Java 25 — Hexagonal Architecture
334	-	NUMPR	Database: PostgreSQL 17
335	-	NUMPR	AI Service: FastAPI (Python), gọi Gemini API; chatbot dùng Groq API
336	-	NUMPR	Storage & CDN: AWS S3, AWS MediaConvert, CloudFront
337	-	IMG=1	
338	-	-	Hình 3.1: Sơ đồ tổng quan kiến trúc (Local)
339	-	-	
340	Heading2	HEAD2	4. Các thành phần chính.
341	-	-	4.1. Frontend
342	-	IMG=1	
343	-	-	Hình 3.2: Sơ đồ kiến trúc Frontend
344	-	-	- Frontend của hệ thống LearnOva được phát triển theo mô hình SPA (Single Page Application) bằng ReactJS và Vite. Frontend được tổ chức thành các module chức năng như Authentication, Course Management, Learning, Cart, Payment, ChatBot AI, Profile và Admin Dashboard. Kiến trúc này giúp tăng khả năng tái sử dụng component, tối ưu trải nghiệm người dùng và hỗ trợ mở rộng hệ thống.
345	-	-	- Frontend chịu trách nhiệm:
346	-	NUMPR	Hiển thị giao diện và nội dung cho người dùng.
347	-	NUMPR	Tiếp nhận và xử lý các thao tác từ người dùng.
348	-	NUMPR	Gửi các yêu cầu (Request) đến Backend thông qua RESTful API.
349	-	NUMPR	Nhận dữ liệu từ Backend và hiển thị kết quả lên giao diện.
350	-	NUMPR	Quản lý trạng thái xác thực và JWT Token.
351	-	NUMPR	Điều hướng giữa các trang thông qua Routing.
352	-	NUMPR	Tối ưu trải nghiệm người dùng và khả năng tương tác của giao diện.
353	-	-	
354	-	-	
355	-	-	4.2. Backend
356	-	-	
357	-	IMG=1	
358	-	-	Hình 3.3: Sơ đồ kiến trúc Backend
359	-	-	- Backend được xây dựng bằng Spring Boot 4.0.6 (Java 25) và cung cấp các RESTful API cho hệ thống LearnOva. Backend được tổ chức theo kiến trúc Hexagonal (Ports & Adapters) với 14 Bounded Context: mỗi context gồm adapter/in/web (controller), application (service), domain (entity/enum) và infrastructure (persistence/payment/storage/elasticsearch). Kiến trúc này đảm bảo tính tách biệt cao, dễ mở rộng và dễ kiểm thử độc lập.
360	-	-	- Các chức năng chính của Backend bao gồm:
361	-	NUMPR	Xác thực và phân quyền người dùng theo các vai trò GUEST, USER (học viên), TEACHER (giảng viên) và ADMIN — sử dụng JWT (access token HttpOnly cookie), Spring Security, OAuth2 (Google/Facebook) và cơ chế active_role cho phép người dùng đa vai trò chuyển đổi role đang hoạt động.
362	-	NUMPR	Xử lý các nghiệp vụ của hệ thống qua 14 Bounded Context: xác thực (auth), khóa học & nội dung (course, instructor), học tập (learning: enrollment, progress, certificate), thương mại (commerce: cart, order, payment PayOS, voucher, wishlist), đánh giá (assessment: quiz, review, Q&A, report), tìm kiếm Elasticsearch (search), media (upload S3, HLS), AI chatbot (ai), thông báo (notification), người dùng (user), lịch trình (scheduler) và admin.
363	-	NUMPR	Quản lý, truy xuất và cập nhật dữ liệu thông qua Spring Data JPA và cơ sở dữ liệu PostgreSQL.
364	-	NUMPR	Tiếp nhận và xử lý các yêu cầu liên quan đến tệp do người dùng tải lên như hình ảnh, tài liệu học tập và video bài giảng, đồng thời hỗ trợ lưu trữ tệp trên AWS S3.
365	-	NUMPR	Xử lý video và hỗ trợ chuyển đổi video sang định dạng HLS phục vụ việc học trực tuyến.
366	-	NUMPR	Cung cấp các RESTful API cho Frontend thông qua giao thức HTTP/HTTPS, với dữ liệu trao đổi chủ yếu ở định dạng JSON.
367	-	-	-  Hệ thống sử dụng cơ chế xác thực JWT (JSON Web Token) kết hợp với Spring Security nhằm đảm bảo tính bảo mật và kiểm soát quyền truy cập. Sau khi người dùng đăng nhập thành công, Backend tạo JWT Token; Frontend gửi token trong các yêu cầu tiếp theo và Backend kiểm tra tính hợp lệ của token trước khi cho phép truy cập các chức năng yêu cầu xác thực.
368	-	-	- Backend hoạt động theo mô hình Stateless, không lưu trạng thái phiên làm việc trên máy chủ. Cách tiếp cận này giúp giảm phụ thuộc vào việc lưu trữ session, hỗ trợ khả năng mở rộng hệ thống và thuận lợi khi triển khai nhiều phiên bản dịch vụ trong tương lai.
369	-	-	4.3. Database
370	-	-	- Dữ liệu của hệ thống LearnOva được lưu trữ trong PostgreSQL, một hệ quản trị cơ sở dữ liệu quan hệ mã nguồn mở có hiệu năng cao, độ ổn định tốt và khả năng mở rộng linh hoạt.
371	-	-	- Database đảm nhiệm:
372	-	NUMPR	Lưu trữ thông tin người dùng, bao gồm Student, Teacher và Admin.
373	-	NUMPR	Lưu trữ dữ liệu khóa học, danh mục khóa học, bài học, tài liệu học tập và video bài giảng.
374	-	NUMPR	Quản lý dữ liệu đăng ký khóa học, tiến độ học tập và lịch sử học tập của học viên.
375	-	NUMPR	Lưu trữ dữ liệu giỏ hàng, đơn hàng, giao dịch thanh toán và doanh thu hệ thống.
376	-	NUMPR	Lưu trữ đánh giá, nhận xét và phản hồi của người dùng đối với khóa học.
377	-	NUMPR	Quản lý dữ liệu thông báo, lịch sử hoạt động và lịch sử tương tác với ChatBot AI.
378	-	NUMPR	Đảm bảo tính toàn vẹn, nhất quán và bảo mật dữ liệu thông qua các ràng buộc, khóa chính, khóa ngoại và cơ chế giao dịch của PostgreSQL.
379	-	-	-  Hệ thống sử dụng Spring Data JPA kết hợp với HikariCP Connection Pool để tối ưu việc truy xuất dữ liệu và quản lý kết nối cơ sở dữ liệu. PostgreSQL đóng vai trò là trung tâm lưu trữ dữ liệu của hệ thống, hỗ trợ Backend xử lý các nghiệp vụ liên quan đến khóa học, học tập trực tuyến, thanh toán và quản trị hệ thống.
380	-	-	- Trong môi trường triển khai thực tế, cơ sở dữ liệu có thể được cấu hình cơ chế Backup và Replication nhằm nâng cao khả năng phục hồi, tính sẵn sàng và đảm bảo an toàn dữ liệu cho toàn bộ hệ thống.
381	-	-	4.4. Hệ thống lưu trữ tệp
382	-	-	- Hệ thống LearnOva hỗ trợ lưu trữ các tệp do người dùng và giảng viên tải lên, bao gồm ảnh đại diện, ảnh khóa học, video bài giảng, tài liệu học tập (PDF, Word, PowerPoint) và các tài nguyên phục vụ quá trình học tập.
383	-	-	- Các tệp được lưu trữ trực tiếp trên AWS S3 thông qua presigned URL — Backend tạo URL upload ký sẵn, client upload thẳng lên S3 mà không cần đi qua backend. CloudFront phân phối video HLS bằng signed URL, Media Convert chuyển đổi video sang HLS. Backend quản lý metadata (S3 key, HLS status) và kiểm tra quyền truy cập theo từng người dùng.
384	-	-	- Hệ thống lưu trữ tệp giúp:
385	-	NUMPR	Quản lý tập trung các tài nguyên học tập của khóa học.
386	-	NUMPR	Hỗ trợ giảng viên tải lên video bài giảng và tài liệu học tập.
387	-	NUMPR	Cho phép người dùng cập nhật ảnh đại diện và các thông tin cá nhân liên quan.
388	-	NUMPR	Tách biệt dữ liệu tệp với dữ liệu nghiệp vụ trong cơ sở dữ liệu PostgreSQL nhằm nâng cao hiệu năng truy xuất và đơn giản hóa việc quản lý hệ thống.
389	-	-	- Hệ thống đã tích hợp sẵn AWS S3 làm dịch vụ lưu trữ chính, kết hợp AWS MediaConvert để transcode video sang định dạng HLS và CloudFront để phân phối nội dung video tốc độ cao với signed URL. Các tính năng này đã hoàn thiện trong phiên bản hiện tại.
390	Heading2	HEAD2	5. Luồng giao diện chính
391	-	-	- Hệ thống LearnOva sử dụng kiến trúc giao tiếp dựa trên RESTful API, trong đó Frontend, Backend, Database và các dịch vụ hỗ trợ phối hợp với nhau để xử lý các yêu cầu của người dùng. Các thành phần được phân tách theo từng chức năng nhằm đảm bảo khả năng bảo trì, bảo mật và mở rộng hệ thống. Kiến trúc tổng thể của hệ thống bao gồm Frontend ReactJS, Backend Spring Boot, cơ sở dữ liệu PostgreSQL, AI Service và hệ thống lưu trữ AWS S3.
392	Heading3	HEAD3	5.1. Giao tiếp giữa Frontend và Backend
393	-	-	- Frontend được phát triển bằng ReactJS và Vite và giao tiếp với Backend thông qua các RESTful API. Khi người dùng thực hiện các thao tác như đăng ký tài khoản, đăng nhập, tìm kiếm khóa học, mua khóa học, học trực tuyến, quản lý giỏ hàng hoặc sử dụng ChatBot AI, Frontend gửi yêu cầu đến Backend thông qua giao thức HTTP/HTTPS.
394	-	-	- Dữ liệu trao đổi giữa Frontend và Backend chủ yếu sử dụng định dạng JSON, giúp việc truyền nhận và xử lý dữ liệu giữa hai thành phần được thuận tiện và tương thích với nhiều nền tảng. Tài liệu của dự án cũng xác định Frontend giao tiếp với Backend thông qua RESTful API và dữ liệu JSON.
395	-	-	
396	Heading3	HEAD3	5.2. Cơ chế xác thực bằng JWT:
397	-	-	- Hệ thống sử dụng JSON Web Token (JWT) kết hợp với Spring Security để xác thực và phân quyền người dùng.Cơ chế JWT giúp hệ thống giảm phụ thuộc vào việc lưu trữ session trên máy chủ, phù hợp với mô hình Stateless và hỗ trợ khả năng mở rộng hệ thống trong tương lai.
398	-	-	- Quy trình hoạt động như sau:
399	-	NUMPR	Người dùng đăng nhập vào hệ thống bằng email và mật khẩu.
400	-	NUMPR	Frontend gửi thông tin đăng nhập đến Backend.
401	-	NUMPR	Backend kiểm tra thông tin xác thực và tạo JWT Token nếu đăng nhập thành công.
402	-	NUMPR	Frontend lưu trữ JWT Token và gửi token kèm theo Header của các yêu cầu tiếp theo.
403	-	NUMPR	Backend kiểm tra tính hợp lệ của JWT Token trước khi cho phép truy cập các chức năng yêu cầu xác thực.
404	-	NUMPR	Dựa trên thông tin quyền hạn, hệ thống phân quyền người dùng theo các vai trò Student, Instructor và Admin.
405	Heading3	HEAD3	5.3. Giao tiếp giữa Backend và Database
406	-	-	- Backend được xây dựng bằng Spring Boot và sử dụng Spring Data JPA để tương tác với cơ sở dữ liệu PostgreSQL.
407	-	-	- Khi nhận yêu cầu từ Frontend, Backend thực hiện kiểm tra quyền truy cập, xử lý nghiệp vụ và thực hiện các thao tác truy vấn, thêm, sửa hoặc xóa dữ liệu trong PostgreSQL.
408	-	-	- Các nhóm dữ liệu chính được quản lý trong PostgreSQL bao gồm:
409	-	NUMPR	Thông tin người dùng và vai trò.
410	-	NUMPR	Khóa học, danh mục, phần học và bài học.
411	-	NUMPR	Thông tin đăng ký khóa học và tiến độ học tập.
412	-	NUMPR	Giỏ hàng, đơn hàng và thanh toán.
413	-	NUMPR	Đánh giá và nhận xét khóa học.
414	-	NUMPR	Thông báo và các dữ liệu nghiệp vụ khác của hệ thống.
415	-	-	- Việc tách biệt Backend và Database giúp kiểm soát quyền truy cập dữ liệu, đảm bảo tính toàn vẹn của dữ liệu và tạo điều kiện thuận lợi cho việc bảo trì, mở rộng hệ thống.
416	-	-	
417	Heading2	HEAD2	7. Thiết kế giao diện
418	Heading3	HEAD3	7.1. Tổng quan giao diện
419	-	-	- Hệ thống LearnOva được thiết kế theo phong cách hiện đại, trực quan và thân thiện với người dùng, hướng đến việc mang lại trải nghiệm học tập trực tuyến thuận tiện cho học viên, giảng viên và quản trị viên. Giao diện được xây dựng bằng ReactJS theo mô hình Single Page Application (SPA), giúp tối ưu tốc độ tải trang và tăng tính tương tác trong quá trình sử dụng.
420	-	-	- Giao diện của hệ thống được chia thành ba nhóm chính:
421	-	NUMPR	Giao diện xác thực: Bao gồm các trang Đăng nhập, Đăng ký, Quên mật khẩu và Đặt lại mật khẩu. Các giao diện này được thiết kế đơn giản, dễ sử dụng với các biểu mẫu nhập liệu rõ ràng, hỗ trợ xác thực người dùng và đảm bảo tính bảo mật.
422	-	NUMPR	Giao diện người dùng (Student): Cung cấp các chức năng như tìm kiếm khóa học, xem chi tiết khóa học, thêm vào giỏ hàng, thanh toán, học trực tuyến, theo dõi tiến độ học tập, quản lý hồ sơ cá nhân, đặt lịch meeting với giảng viên và sử dụng ChatBot AI hỗ trợ học tập.
423	-	-	
424	-	NUMPR	Giao diện quản lý (Teacher và Admin): Cho phép giảng viên quản lý khóa học, bài học, tài liệu học tập, lịch meeting và theo dõi hoạt động học tập của học viên. Quản trị viên có thể quản lý người dùng, khóa học, danh mục, giao dịch thanh toán, báo cáo thống kê và các chức năng vận hành hệ thống.
425	-	-	- Về màu sắc, hệ thống sử dụng tông màu xanh dương làm màu chủ đạo, kết hợp với nền trắng và các gam màu trung tính nhằm tạo cảm giác chuyên nghiệp, dễ quan sát và phù hợp với môi trường giáo dục trực tuyến. Các thành phần giao diện như nút chức năng, thẻ khóa học, bảng dữ liệu và biểu mẫu được thiết kế đồng nhất nhằm đảm bảo tính nhất quán trong toàn hệ thống.
426	-	-	- Bố cục giao diện được xây dựng theo hướng Responsive Design, cho phép hệ thống hoạt động tốt trên nhiều thiết bị khác nhau như máy tính, máy tính bảng và điện thoại di động. Các thành phần giao diện sẽ tự động điều chỉnh kích thước và vị trí hiển thị để phù hợp với từng độ phân giải màn hình.
427	-	-	- Nhìn chung, giao diện LearnOva hướng tới sự đơn giản, trực quan và dễ sử dụng, giúp người dùng nhanh chóng tiếp cận các chức năng cần thiết, đồng thời hỗ trợ khả năng mở rộng và phát triển thêm các tính năng mới trong tương lai.
428	-	-	
429	Heading3	HEAD3	7.2. Thiết kế layout trang chính
430	-	IMG=1	
431	-	-	Hình 7.2. Layout trang chính
432	Heading3	HEAD3	
433	Heading3	HEAD3	7.3. Thiết kế layout trang quản trị viên
434	-	IMG=1	
435	-	-	Hình 7.3. Layout trang quản trị viên
436	-	-	
437	-	-	
438	Heading3	HEAD3	
439	Heading3	HEAD3	7.4. Thiết kế layout trang giảng viên
440	-	IMG=1	
441	-	-	Hình 7.4. Layout trang giảng viên
442	-	-	
443	-	-	
444	-	-	
445	-	-	
446	-	-	
447	-	-	
448	-	-	
449	-	-	
450	Heading1	HEAD1	
451	Heading1	HEAD1	PHẦN 4 – PHÁT TRIỂN/THỰC THI
452	-	-	
453	-	-	
454	-	-	
455	Heading2	HEAD2	1. Thông tin tổng quan dự án
456	TABLE	TBL	Hạng mục | Thông tin | Tên dự án | LearnOva – Nền tảng học trực tuyến tích hợp AI | Thời gian bắt đầu | 12/05/2026
457	-	-	
458	Heading2	HEAD2	2. Kế hoạch chi tiết theo Sprint
459	TABLE	TBL	Sprint | Thời gian | Mục tiêu | Deliverable chính | Sprint 0 (Khởi động) | 12/05 – 25/05/2026
460	-	-	
461	-	-	
462	-	-	Sprint 1: Khởi động & Xây dựng nền tảng (12/05/2025 – 08/06/2025)
463	TABLE	TBL	STT | Công việc | Người thực hiện | Trạng thái | 1 | Phân tích yêu cầu & thiết kế cơ sở dữ liệu
464	-	-	Bảng 5.2: Kế hoạch Sprint 1
465	-	-	
466	-	-	Sprint 2: Phát triển tính năng cốt lõi (09/06/2025 – 06/07/2025)
467	TABLE	TBL	STT | Công việc | Người thực hiện | Trạng thái | 1 | Module Course: CRUD khóa học, danh mục, tag
468	-	-	Bảng 5.3: Kế hoạch Sprint 2
469	-	-	
470	-	-	Sprint 3: Thương mại, kiểm tra & Quản trị (07/07/2025 – 03/08/2025)
471	TABLE	TBL	STT | Công việc | Người thực hiện | Trạng thái | 1 | Module Commerce: Cart, Order, Payment (PayOS)
472	-	-	Bảng 5.4: Kế hoạch Sprint 3
473	-	-	
474	-	-	Sprint 4: Kiểm thử, tích hợp & hoàn thiện tài liệu (04/08/2025 – 20/08/2025)
475	TABLE	TBL	STT | Công việc | Người thực hiện | Trạng thái | 1 | Kiểm thử tích hợp (Integration Testing) toàn bộ API
476	-	-	Bảng 5.5: Kế hoạch Sprint 4
477	Heading2	HEAD2	3. Phân công nhân sự
478	-	-	
479	TABLE	TBL	MSSV | Họ và tên | Vai trò | Phụ trách chính | Đóng góp (%) | PD11662
480	-	-	Bảng 5.6: Phân công nhân sự
481	-	-	
482	-	-	
483	-	-	
484	-	-	
485	-	-	
486	-	-	
487	-	-	
488	-	-	
489	-	-	
490	-	-	
491	-	-	
492	-	-	
493	-	-	
494	-	-	
495	-	-	
496	-	-	
497	-	-	
498	-	-	
499	-	-	
500	-	-	
501	-	-	
502	-	-	
503	-	-	
504	-	-	
505	Heading1	HEAD1	PHẦN 5 – KIỂM THỬ
506	-	-	
507	-	-	
508	-	-	1. Mục tiêu và phạm vi kiểm thử
509	Heading2	HEAD2	Mục tiêu kiểm thử là xác nhận các chức năng trọng tâm của LearnOva hoạt động đúng, hạn chế lỗi hồi quy khi thay đổi mã nguồn và tạo cơ sở để kiểm tra tự động trong quy trình CI. Phạm vi hiện tại tập trung vào xác thực người dùng, tiện ích giao diện, giỏ hàng của khách chưa đăng nhập, khả năng build frontend và các điều hướng bảo vệ quyền truy cập.
510	-	-	2. Phương pháp và công cụ kiểm thử
511	Heading2	HEAD2	• Backend sử dụng JUnit 5, Mockito và Spring MockMvc. Các service và controller được cô lập bằng mock để test không phụ thuộc PostgreSQL, Elasticsearch, PayOS, email, AWS hoặc Groq.
512	Heading2	HEAD2	• Frontend sử dụng Vitest cho unit test, V8 Coverage để đo độ bao phủ và Playwright với Chromium cho smoke E2E.
513	Heading2	HEAD2	• GitHub Actions chạy Maven test ở backend; tại frontend chạy npm ci, unit test kèm coverage, build production và smoke E2E. ESLint được theo dõi theo baseline riêng.
514	-	-	3. Kết quả kiểm thử
515	-	-	Bảng 5.1. Kết quả test case tự động
516	TABLE	TBL	Mã TC | Hạng mục | Kết quả mong đợi | Thực tế | Trạng thái | TC-BE-01
517	-	-	3.1. Kiểm thử backend
518	Heading2	HEAD2	Lệnh .\mvnw.cmd test được chạy trong thư mục back_end và đạt 18/18 test, không có failure, error hoặc skipped test.
519	Heading2	HEAD2	• JwtServiceTest kiểm tra tạo token, xác thực token cho đúng người dùng và xử lý token hết hạn. Token hết hạn hoặc sai định dạng trả về false thay vì làm gián đoạn luồng xử lý.
520	Heading2	HEAD2	• AuthServiceTest kiểm tra đăng ký tài khoản, chuẩn hóa email, gửi liên kết xác thực và chặn trường hợp email đã tồn tại.
521	Heading2	HEAD2	• AuthControllerWebTest kiểm tra API đăng nhập trả access token/cookie và validation khi gửi email đăng ký không hợp lệ.
522	-	-	3.2. Kiểm thử frontend
523	Heading2	HEAD2	Lệnh npm run test:coverage được chạy trong thư mục front_end và đạt 27/27 test. Nhóm tiện ích được kiểm thử đạt 67,94% statements, 50% branches, 86,36% functions và 67,10% lines.
524	Heading2	HEAD2	• textSearch.test.js kiểm tra tìm kiếm tiếng Việt không dấu và loại bỏ khóa học trùng trong bộ lọc.
525	Heading2	HEAD2	• dateSeries.test.js kiểm tra việc điền giá trị 0 cho các ngày không có dữ liệu trong biểu đồ.
526	Heading2	HEAD2	• cartStorage.test.js kiểm tra thêm, chống trùng, xóa và xóa toàn bộ giỏ hàng của khách qua localStorage.
527	-	-	3.3. Kiểm thử E2E và build
528	Heading2	HEAD2	Lệnh npm run test:e2e đạt 2/2 kịch bản Playwright. Tổng cộng 47 test case tự động đã được chạy và đều đạt PASS.
529	Heading2	HEAD2	Lệnh npm run build hoàn thành thành công. Vite ghi nhận cảnh báo bundle JavaScript sau nén gzip còn khoảng 585 kB; đây là hạng mục tối ưu hiệu năng, không làm build thất bại.
530	-	-	4. Đánh giá và định hướng hoàn thiện
531	Heading2	HEAD2	Các kết quả trên xác nhận phạm vi đã kiểm thử hoạt động ổn định trong môi trường cô lập. Tuy nhiên, đây chưa phải là kiểm thử tích hợp với hạ tầng triển khai thật hoặc kiểm thử chấp nhận người dùng.
532	Heading2	HEAD2	• ESLint hiện phát hiện 134 lỗi và 19 cảnh báo tồn đọng ở nhiều màn hình. Lint đang được đặt ở chế độ baseline không chặn CI và cần được xử lý theo từng feature trước khi trở thành điều kiện bắt buộc.
533	Heading2	HEAD2	• Cần bổ sung integration test với PostgreSQL cô lập/Testcontainers, Flyway và các tình huống phân quyền USER, TEACHER, ADMIN.
534	Heading2	HEAD2	• Cần mở rộng E2E cho đăng ký/đăng nhập với backend test, mua khóa học, callback PayOS mock, ghi danh, phát video và lưu tiến độ học.
535	Heading2	HEAD2	• Các kiểm tra vận hành S3, HLS, CloudFront, webhook thanh toán sandbox và khôi phục dữ liệu sẽ được thực hiện trên môi trường staging trước khi phát hành.
536	-	-	
537	Heading1	HEAD1	
538	Heading1	HEAD1	PHẦN 6 – TRIỂN KHAI
539	-	-	
540	-	-	
541	Heading2	HEAD2	1. Tổng quan kiến trúc triển khai
542	-	-	- Bản production đặt tại https://datn.khanh.engineer. Lưu lượng HTTPS đi qua Application Load Balancer (ALB); ALB chuyển tiếp vào EC2 chạy Docker Compose. Container Nginx phục vụ React SPA và chuyển các yêu cầu /api/ sang backend Spring Boot. Nhờ sử dụng cùng domain, trình duyệt gọi API theo đường dẫn tương đối /api/learnova và không cần nhúng một domain API riêng vào bản build frontend.
543	-	-	- Các thành phần chính:
544	-	NUMPR	Frontend: React 19 + Vite, được build và phục vụ bởi Nginx.
545	-	NUMPR	Backend: Spring Boot, cung cấp REST API tại tiền tố /api/learnova.
546	-	NUMPR	Database: PostgreSQL 17; Flyway tự quản lý migration khi backend khởi động.
547	-	NUMPR	Tìm kiếm: Elasticsearch 9.2.8 chạy cùng Docker network với backend.
548	-	NUMPR	AI Service: FastAPI, chạy nội bộ tại cổng 8000 và được backend gọi qua AI_SERVICE_URL.
549	-	NUMPR	Video: S3 lưu trữ, MediaConvert tạo HLS, CloudFront phân phối qua signed URL.
550	Heading2	HEAD2	2. Chạy môi trường local
551	Heading3	HEAD3	2.1. Yêu cầu
552	-	NUMPR	Máy phát triển cần Docker Desktop, JDK 25, Node.js 22 hoặc tương thích với Vite, Python 3.13 (nếu chạy AI Service ngoài Docker) và Git. Maven không bắt buộc cài riêng vì backend đã có Maven Wrapper.
553	Heading3	HEAD3	2.2. Khởi động các dịch vụ phụ thuộc
554	-	NUMPR	Từ thư mục gốc của dự án, chuẩn bị các biến tối thiểu DB_USERNAME, DB_PASSWORD, DB_NAME, JWT_SECRET, AWS_REGION và AWS_S3_BUCKET_NAME theo back_end/.env.example. Không commit file .env vào Git.
555	-	NUMPR	Cấu hình mặc định của Docker Compose local ánh xạ PostgreSQL ra cổng 5433 và Elasticsearch ra cổng 9200. Vì vậy backend local mặc định kết nối jdbc:postgresql://localhost:5433/DATN, không phải cổng 5432.
556	Heading3	HEAD3	2.3. Khởi động backend và frontend
557	-	-	Mở terminal thứ nhất:
558	-	-	cd back_end
559	-	-	./mvnw spring-boot:run
560	-	-	Trên Windows sử dụng mvnw.cmd spring-boot:run. Backend local chạy tại http://localhost:8080 và API có tiền tố http://localhost:8080/api/learnova.
561	-	-	Mở terminal thứ hai:
562	-	-	cd front_end
563	-	-	npm ci
564	-	-	npm run dev
565	-	-	Frontend mặc định chạy tại http://localhost:5173. Đặt VITE_API_URL=http://localhost:8080/api/learnova trong file front_end/.env khi chạy tách frontend và backend ở local.
566	Heading3	HEAD3	2.4. Kiểm tra local
567	-	NUMPR	docker compose ps hiển thị postgres và elasticsearch ở trạng thái healthy.
568	-	NUMPR	Mở được frontend, đăng ký/đăng nhập và gọi được API backend.
569	-	NUMPR	Log backend cho thấy Flyway migration hoàn tất và kết nối được PostgreSQL/Elasticsearch.
570	-	NUMPR	Các chức năng upload/video, OAuth2, PayOS và AI chỉ hoạt động khi các secret hoặc dịch vụ tương ứng đã được cấu hình.
571	Heading2	HEAD2	3. Triển khai production trên AWS
572	Heading3	HEAD3	3.1. Hạ tầng
573	-	-	- Hạ tầng nằm trong thư mục infra/terraform. Production sử dụng EC2 t3.medium tại ap-southeast-1, ALB công khai, Route 53, ACM cho TLS và AWS Systems Manager (SSM) để quản trị máy chủ. EC2 không mở SSH công khai; security group chỉ cho phép ALB truy cập Nginx ở cổng 80. ALB chuyển HTTP sang HTTPS và kết thúc TLS trước khi chuyển lưu lượng vào EC2.
574	-	-	- Thư mục infra/terraform cũng cấu hình IAM cần thiết cho EC2/SSM, DNS, ALB, CloudFront và các thành phần mạng. Không chạy terraform apply nếu chưa kiểm tra biến đầu vào và trạng thái hạ tầng hiện có.
575	Heading3	HEAD3	3.2. Cấu hình secrets production
576	-	-	- File back_end/.env-prod được cấp vào EC2 qua AWS SSM Parameter Store trong lúc deploy. Các giá trị cần thiết bao gồm DB_USERNAME, DB_PASSWORD, DB_NAME, JWT_SECRET, AWS_REGION, AWS_S3_BUCKET_NAME và các khóa của OAuth2, PayOS, Groq/Gemini hoặc CloudFront khi bật chức năng tương ứng.
577	-	-	- docker-compose.prod.yml tự đặt các kết nối nội bộ: DB_URL trỏ đến postgres:5432, ES_URIS trỏ đến elasticsearch:9200, AI_SERVICE_URL trỏ đến ai-service:8000 và COOKIE_SECURE=true. Private key CloudFront được mount read-only từ thư mục secrets trên EC2; tuyệt đối không đưa key hoặc mật khẩu vào Git.
578	Heading3	HEAD3	3.3. Khởi chạy bằng Docker Compose
579	-	-	- Docker Compose production chạy năm service: postgres, elasticsearch, ai-service, backend và frontend. Frontend được build trong image Node rồi phục vụ bởi Nginx; backend được build bằng Maven trong image JDK rồi chạy trên JRE. Chỉ container frontend mở cổng 80 trên EC2.
580	-	-	- Lệnh triển khai trên máy chủ:
581	-	-	docker compose --env-file back_end/.env-prod -f docker-compose.prod.yml up --build -d
582	-	-	- Các volume prod_pg_data và prod_es_data giữ dữ liệu PostgreSQL và Elasticsearch giữa các lần tạo lại container. Không dùng docker compose down -v trên production vì lệnh đó xóa volume dữ liệu.
583	Heading3	HEAD3	3.4. CI/CD
584	-	-	- Workflow .github/workflows/deploy.yml hiện được kích hoạt thủ công (workflow_dispatch). GitHub Actions xác thực với AWS bằng OIDC, khởi động EC2 nếu cần, gửi lệnh qua SSM để đồng bộ mã nguồn, lấy secret từ Parameter Store và chạy Docker Compose. Cơ chế này không sử dụng SSH key hoặc access key tĩnh trong GitHub.
585	-	-	- Khi cần triển khai, vào GitHub Actions, chọn workflow “Deploy to EC2” và chạy workflow trên nhánh main. Theo dõi kết quả lệnh SSM trước khi xác nhận phiên bản mới hoạt động.
586	Heading2	HEAD2	4. Cấu hình các dịch vụ tích hợp
587	Heading3	HEAD3	4.1. CORS và cookie
588	-	-	Production đặt CORS_ALLOWED_ORIGINS và FRONTEND_BASE_URL thành https://datn.khanh.engineer. Với frontend đi qua Nginx cùng domain, API được gọi theo same-origin; vẫn phải giữ danh sách CORS chính xác để không cho phép các origin không liên quan. COOKIE_SECURE phải là true ở production và false ở local.
589	Heading3	HEAD3	4.2. S3, CloudFront và MediaConvert
590	-	-	S3 lưu file khóa học; client upload trực tiếp bằng presigned URL do backend cấp. MediaConvert chuyển video sang HLS; CloudFront phân phối HLS bằng signed URL. Bucket cần để private và chỉ CloudFront/role thích hợp được phép truy cập. Các biến CLOUDFRONT_DOMAIN, CLOUDFRONT_KEY_PAIR_ID, CLOUDFRONT_PRIVATE_KEY_PATH, MEDIACONVERT_ROLE_ARN và MEDIACONVERT_ENDPOINT chỉ cần khi sử dụng luồng video tương ứng.
591	Heading3	HEAD3	4.3. OAuth2 và PayOS
592	-	-	Khai báo callback OAuth2 và return/cancel URL PayOS bằng URL HTTPS của production. Webhook PayOS phải trỏ đến endpoint public /api/learnova/payments/webhook và backend phải xác minh chữ ký trước khi cập nhật trạng thái thanh toán hoặc enrollment.
593	Heading2	HEAD2	5. Kiểm tra sau triển khai
594	-	-	Sau khi hoàn thiện các chức năng trọng tâm, nhóm đã thực hiện kiểm thử tự động trên mã nguồn và kiểm tra khả năng đóng gói ứng dụng. Việc kiểm thử được chạy trong môi trường phát triển Windows, sử dụng JDK 25 và Node.js; không sử dụng dữ liệu, khóa truy cập hay giao dịch thật của các dịch vụ bên thứ ba.
595	Heading3	HEAD3	5.1. Kết quả kiểm thử tự động
596	-	-	• Backend: chạy 8/8 test thành công. Phạm vi gồm kiểm tra JWT hợp lệ/hết hạn/sai định dạng, nghiệp vụ đăng ký tài khoản, API đăng nhập trả access token và cookie, cùng validation dữ liệu đăng ký.
597	-	-	• Frontend: chạy 5/5 unit test thành công cho chức năng tìm kiếm không dấu, tạo dữ liệu biểu đồ theo ngày và lưu giỏ hàng của khách chưa đăng nhập.
598	-	-	• Kiểm thử E2E smoke bằng Playwright: 2/2 kịch bản thành công, gồm hiển thị/chuyển đổi giữa biểu mẫu đăng nhập và đăng ký, đồng thời chuyển người dùng chưa xác thực khỏi trang hồ sơ về trang đăng nhập.
599	-	-	• Build frontend production thành công bằng Vite. Cảnh báo bundle JavaScript còn lớn (khoảng 585 kB gzip) đã được ghi nhận để tối ưu code splitting ở giai đoạn tiếp theo.
600	Heading3	HEAD3	5.2. Coverage, CI và chất lượng mã nguồn
601	-	-	• Coverage của nhóm tiện ích frontend đang được kiểm thử đạt 65,38% statements; 45,23% branches; 81,81% functions; và 64,47% lines.
602	-	-	• GitHub Actions được cấu hình chạy backend test, frontend test kèm coverage, build production và smoke E2E khi tạo pull request, đẩy mã lên nhánh main hoặc kích hoạt thủ công.
603	-	-	• ESLint hiện phát hiện 134 lỗi và 19 cảnh báo tồn đọng trên nhiều màn hình. Bước lint được giữ ở chế độ baseline không chặn CI; các lỗi này cần được phân loại và xử lý dần trước khi chuyển lint thành điều kiện bắt buộc.
604	Heading3	HEAD3	5.3. Nhận xét và phạm vi cần tiếp tục hoàn thiện
605	-	-	Kết quả trên xác nhận các thành phần đã kiểm thử hoạt động đúng trong môi trường cô lập. Tuy nhiên, kết quả chưa thay thế kiểm thử tích hợp với hạ tầng triển khai thật hoặc kiểm thử chấp nhận người dùng.
606	-	-	• Cần bổ sung integration test với PostgreSQL cô lập/Testcontainers, Flyway và kiểm tra phân quyền theo vai trò USER, TEACHER, ADMIN.
607	-	-	• Cần mở rộng E2E cho đăng ký/đăng nhập với backend test, mua khóa học, callback PayOS mock, ghi danh và lưu tiến độ học.
608	-	-	• Các kiểm tra vận hành như upload S3, chuyển đổi HLS, phát video qua CloudFront, callback thanh toán sandbox và khôi phục dữ liệu phải được thực hiện trên môi trường staging trước khi phát hành.
609	-	-	6. Hướng dẫn sử dụng
610	-	-	Hệ thống được truy cập tại https://datn.khanh.engineer. Người dùng sử dụng các chức năng phù hợp với vai trò được cấp sau khi đăng nhập.
611	Heading3	HEAD3	6.1. Người học (Student)
612	-	NUMPR	Đăng ký tài khoản, xác thực email (nếu được yêu cầu) và đăng nhập vào hệ thống.
613	-	NUMPR	Tìm kiếm hoặc chọn khóa học, xem thông tin chi tiết và thêm khóa học vào giỏ hàng.
614	-	NUMPR	Tạo đơn hàng, thực hiện thanh toán qua PayOS và chỉ học các khóa học đã được ghi nhận enrollment.
615	-	NUMPR	Mở “Khóa học của tôi” để học video, xem tài liệu và theo dõi tiến độ học tập.
616	Heading3	HEAD3	6.2. Giảng viên (Instructor)
617	-	NUMPR	Truy cập Instructor Portal để tạo và cập nhật khóa học, section, bài học và tài liệu đi kèm.
618	-	NUMPR	Tải video/tài liệu lên khóa học; hệ thống xử lý video theo luồng S3, MediaConvert, HLS và CloudFront khi cấu hình video đã được bật.
619	-	NUMPR	Theo dõi học viên, đánh giá, doanh thu và các thông tin quản lý khác trong phạm vi quyền Instructor.
620	Heading3	HEAD3	6.3. Quản trị viên (Admin)
621	-	NUMPR	Truy cập Admin Dashboard bằng tài khoản có quyền Admin.
622	-	NUMPR	Quản lý người dùng, khóa học, danh mục, voucher, thanh toán và các nội dung quản trị của hệ thống.
623	-	NUMPR	Theo dõi thống kê, doanh thu và xử lý các yêu cầu quản trị phát sinh.
624	-	-	
625	-	-	
626	Heading1	HEAD1	PHẦN 7 – HƯỚNG PHÁT TRIỂN CỦA ĐỀ TÀI
627	Heading2	HEAD2	
628	Heading2	HEAD2	
629	Heading2	HEAD2	1. Phát triển trợ lý AI hỗ trợ học tập
630	-	-	Bổ sung cơ chế lưu lịch sử hội thoại theo tài khoản và xây dựng kho tri thức từ nội dung khóa học, tài liệu và câu hỏi thường gặp. Trợ lý AI có thể trả lời theo ngữ cảnh khóa học, hỗ trợ tóm tắt bài học, tạo câu hỏi ôn tập và đề xuất lộ trình học phù hợp cho người học.
631	Heading2	HEAD2	2. Xây dựng hệ thống gợi ý khóa học
632	-	-	Thu thập và phân tích dữ liệu tương tác như lượt xem, tìm kiếm, yêu thích, đăng ký và tiến độ học để đề xuất khóa học, giảng viên hoặc lộ trình học phù hợp. Chức năng này cần được triển khai kèm cơ chế bảo vệ dữ liệu cá nhân và cho phép người dùng kiểm soát thông tin được sử dụng.
633	Heading2	HEAD2	3. Nâng cao hiệu năng và khả năng mở rộng
634	-	-	Áp dụng Redis Cache cho các dữ liệu được truy cập thường xuyên; tối ưu truy vấn cơ sở dữ liệu, lập chỉ mục phù hợp và theo dõi hiệu năng Elasticsearch. Khi số lượng người dùng tăng, có thể tách các dịch vụ có tải cao, thiết lập giám sát, backup/replication dữ liệu và mở rộng hạ tầng theo nhu cầu.
635	Heading2	HEAD2	4. Hoàn thiện quy trình triển khai và vận hành
636	-	-	Định hướng chuyển cơ sở dữ liệu PostgreSQL từ Docker volume sang Amazon RDS để khai thác cơ chế sao lưu tự động, phục hồi, giám sát và khả năng mở rộng của dịch vụ quản trị. Các thành phần frontend, backend và AI Service sẽ được đóng gói thành container, triển khai trên Kubernetes (ví dụ Amazon EKS) với Deployment, Service, Ingress, ConfigMap/Secret, health check và Horizontal Pod Autoscaler. Pipeline CI/CD cần tự động kiểm thử, xây dựng image, triển khai theo phiên bản và hỗ trợ rollback khi phát hiện sự cố.
637	Heading1	HEAD1	
638	Heading1	HEAD1	KẾT LUẬN
639	-	-	
640	-	-	
641	-	-	Đề tài “Xây dựng ứng dụng học trực tuyến LearnOva” đã xây dựng một nền tảng hỗ trợ kết nối người học, giảng viên và quản trị viên trên cùng một hệ thống. Sản phẩm được phát triển theo mô hình client-server với frontend ReactJS, backend Spring Boot, cơ sở dữ liệu PostgreSQL và các dịch vụ hỗ trợ như Elasticsearch, AI, S3, CloudFront và MediaConvert theo nhu cầu sử dụng.
642	-	-	Hệ thống đã đáp ứng các chức năng cốt lõi gồm đăng ký và đăng nhập, xác thực và phân quyền theo vai trò, quản lý khóa học, bài học, danh mục, thanh toán, học trực tuyến, theo dõi tiến độ, đánh giá khóa học, hỗ trợ AI và quản trị hệ thống. Với cấu trúc hiện tại, LearnOva có thể được áp dụng cho trung tâm đào tạo, cơ sở giáo dục hoặc doanh nghiệp có nhu cầu tổ chức và quản lý hoạt động đào tạo trực tuyến.
643	-	-	Thông qua quá trình thực hiện đồ án, các thành viên đã củng cố kiến thức về phân tích yêu cầu, thiết kế hệ thống, phát triển RESTful API, xây dựng giao diện web, xác thực và phân quyền, quản lý cơ sở dữ liệu, triển khai dịch vụ và làm việc nhóm. Đây là nền tảng quan trọng để nhóm tiếp tục hoàn thiện LearnOva cũng như thực hiện các dự án phần mềm trong tương lai.
644	-	-	Thuận lợi: Nhóm đã có nền tảng công nghệ phù hợp gồm ReactJS, Spring Boot, PostgreSQL, Docker, AWS và GitHub; mã nguồn được tổ chức theo các module nghiệp vụ rõ ràng, giúp việc bảo trì và mở rộng thuận tiện. Bên cạnh đó, các dịch vụ như S3, CloudFront, MediaConvert và PayOS tạo điều kiện để hoàn thiện các chức năng quan trọng của nền tảng học trực tuyến.
645	-	-	Khó khăn: Việc tích hợp nhiều dịch vụ bên ngoài, xử lý thanh toán, video HLS, bảo mật thông tin và triển khai hạ tầng đòi hỏi thời gian tìm hiểu, kiểm thử và chi phí vận hành. Trong phạm vi đồ án, nguồn lực và thời gian còn hạn chế nên một số nội dung như Redis Cache, hệ thống gợi ý, lưu ngữ cảnh AI lâu dài, Kubernetes và Amazon RDS mới được định hướng cho giai đoạn phát triển tiếp theo.
646	-	-	
647	-	-	
648	-	-	
649	-	-	
650	-	-	
651	-	-	
652	-	-	
653	-	-	
654	-	-	
655	-	-	
656	-	-	
657	-	-	
658	-	-	
659	-	-	
660	-	-	
661	-	-	
662	-	-	
663	-	-	
664	-	-	
665	-	-	
666	-	-	
667	-	-	
668	-	-	
669	-	-	
670	-	-	
671	-	-	
672	-	-	
673	-	-	
674	-	-	
675	-	-	
676	-	-	
677	SECTPR	-	
